cluster_id,tempo_bpm,energy,valence,acousticness,instrumentalness,speechiness,loudness_db
0,105.504691195795,0.6208749014454665,0.4899139290407359,0.5472329829172142,0.06303850197109068,0.08937503285151116,-8.468948751642575
1,121.49848979591837,0.716809306122449,0.5112573877551021,0.18734448979591833,0.0557924081632653,0.0825322448979592,-8.795061224489796
2,103.14953321364452,0.60524039497307,0.5000786355475763,0.282026750448833,0.07232387791741472,0.3597508078994614,-8.946104129263913
3,68.1828307392996,0.6785041828793774,0.48250924124513617,0.22177208171206225,0.06523793774319064,0.08278336575875486,-8.847023346303502
4,105.62688937568456,0.3395638554216868,0.5200144578313253,0.21995071193866375,0.05994260679079956,0.08765717415115006,-10.102453450164294
5,101.81996124031008,0.6173918604651163,0.5248048449612404,0.2488296511627907,0.3504967054263566,0.10223023255813954,-8.802713178294574
