feature,importance
intent_encoded,0.35083296045096357
tempo_bpm,0.2306498592283017
energy,0.16005963992024985
valence,0.0956399440266326
speechiness,0.07513918902895049
acousticness,0.022949011723321876
loudness_db,0.022308342441318685
mood_pre,0.02168790022135146
instrumentalness,0.020733152958909755
